Open,Open(0),Open(1),Open(2),Open(3),Open(4)
Low(0),0.9724288840262582,0.0018561484918793504,0.0,0.0,0.0
Low(1),0.027571115973741796,0.9638051044083527,0.016611295681063124,0.0,0.0
Low(2),0.0,0.03433874709976798,0.9819648789748457,0.0013767783386874712,0.0
Low(3),0.0,0.0,0.0014238253440911248,0.9935750344194585,0.02857142857142857
Low(4),0.0,0.0,0.0,0.005048187241854061,0.9714285714285714
