Low,Low(0),Low(1),Low(2),Low(3),Low(4)
Price(0),0.9973045822102425,0.03126436781609195,0.0,0.0,0.0
Price(1),0.0026954177897574125,0.9535632183908046,0.03215284249767009,0.0,0.0
Price(2),0.0,0.015172413793103448,0.9664492078285182,0.0018373909049150207,0.0
Price(3),0.0,0.0,0.0013979496738117428,0.9949471750114837,0.025236593059936908
Price(4),0.0,0.0,0.0,0.003215434083601286,0.9747634069400631
